,crim,zn,indus,chas,nox,rm,age,dis,rad,tax,ptratio,lstat,medv
0,0.00632,0.18,0.0231,0,0.538,6.575,0.652,4.09,1,296,15.3,0.049800000000000004,24.0
1,0.02731,0.0,0.0707,0,0.469,6.421,0.789,4.9671,2,242,17.8,0.09140000000000001,21.6
2,0.02729,0.0,0.0707,0,0.469,7.185,0.611,4.9671,2,242,17.8,0.0403,34.7
3,0.03237,0.0,0.0218,0,0.458,6.998,0.45799999999999996,6.0622,3,222,18.7,0.0294,33.4
4,0.06905,0.0,0.0218,0,0.458,7.147,0.542,6.0622,3,222,18.7,0.0533,36.2
5,0.02985,0.0,0.0218,0,0.458,6.43,0.5870000000000001,6.0622,3,222,18.7,0.0521,28.7
6,0.08829,0.125,0.0787,0,0.524,6.012,0.6659999999999999,5.5605,5,311,15.2,0.1243,22.9
7,0.14455,0.125,0.0787,0,0.524,6.172,0.961,5.9505,5,311,15.2,0.19149999999999998,27.1
8,0.21124,0.125,0.0787,0,0.524,5.631,1.0,6.0821,5,311,15.2,0.2993,16.5
9,0.17004,0.125,0.0787,0,0.524,6.004,0.8590000000000001,6.5921,5,311,15.2,0.171,18.9
10,0.22489,0.125,0.0787,0,0.524,6.377,0.943,6.3467,5,311,15.2,0.2045,15.0
11,0.11747,0.125,0.0787,0,0.524,6.009,0.8290000000000001,6.2267,5,311,15.2,0.13269999999999998,18.9
12,0.09378,0.125,0.0787,0,0.524,5.889,0.39,5.4509,5,311,15.2,0.15710000000000002,21.7
13,0.62976,0.0,0.0814,0,0.538,5.949,0.618,4.7075,4,307,21.0,0.08259999999999999,20.4
14,0.63796,0.0,0.0814,0,0.538,6.096,0.845,4.4619,4,307,21.0,0.1026,18.2
15,0.62739,0.0,0.0814,0,0.538,5.834,0.565,4.4986,4,307,21.0,0.08470000000000001,19.9
16,1.05393,0.0,0.0814,0,0.538,5.935,0.293,4.4986,4,307,21.0,0.0658,23.1
17,0.7842,0.0,0.0814,0,0.538,5.99,0.8170000000000001,4.2579,4,307,21.0,0.1467,17.5
18,0.80271,0.0,0.0814,0,0.538,5.456,0.366,3.7965,4,307,21.0,0.11689999999999999,20.2
19,0.7258,0.0,0.0814,0,0.538,5.727,0.695,3.7965,4,307,21.0,0.1128,18.2
20,1.25179,0.0,0.0814,0,0.538,5.57,0.981,3.7979,4,307,21.0,0.2102,13.6
21,0.85204,0.0,0.0814,0,0.538,5.965,0.892,4.0123,4,307,21.0,0.1383,19.6
22,1.23247,0.0,0.0814,0,0.538,6.142,0.917,3.9769,4,307,21.0,0.18719999999999998,15.2
23,0.98843,0.0,0.0814,0,0.538,5.813,1.0,4.0952,4,307,21.0,0.19879999999999998,14.5
24,0.75026,0.0,0.0814,0,0.538,5.924,0.941,4.3996,4,307,21.0,0.163,15.6
25,0.84054,0.0,0.0814,0,0.538,5.599,0.857,4.4546,4,307,21.0,0.16510000000000002,13.9
26,0.67191,0.0,0.0814,0,0.538,5.813,0.903,4.682,4,307,21.0,0.1481,16.6
27,0.95577,0.0,0.0814,0,0.538,6.047,0.888,4.4534,4,307,21.0,0.1728,14.8
28,0.77299,0.0,0.0814,0,0.538,6.495,0.9440000000000001,4.4547,4,307,21.0,0.128,18.4
29,1.00245,0.0,0.0814,0,0.538,6.674,0.873,4.239,4,307,21.0,0.1198,21.0
30,1.13081,0.0,0.0814,0,0.538,5.713,0.941,4.233,4,307,21.0,0.226,12.7
31,1.35472,0.0,0.0814,0,0.538,6.072,1.0,4.175,4,307,21.0,0.1304,14.5
32,1.38799,0.0,0.0814,0,0.538,5.95,0.82,3.99,4,307,21.0,0.2771,13.2
33,1.15172,0.0,0.0814,0,0.538,5.701,0.95,3.7872,4,307,21.0,0.18350000000000002,13.1
34,1.61282,0.0,0.0814,0,0.538,6.096,0.9690000000000001,3.7598,4,307,21.0,0.2034,13.5
35,0.06417,0.0,0.0596,0,0.499,5.933,0.682,3.3603,5,279,19.2,0.0968,18.9
36,0.09744,0.0,0.0596,0,0.499,5.841,0.614,3.3779,5,279,19.2,0.11410000000000001,20.0
37,0.08014,0.0,0.0596,0,0.499,5.85,0.415,3.9342,5,279,19.2,0.0877,21.0
38,0.17505,0.0,0.0596,0,0.499,5.966,0.302,3.8473,5,279,19.2,0.1013,24.7
39,0.02763,0.75,0.029500000000000002,0,0.428,6.595,0.218,5.4011,3,252,18.3,0.0432,30.8
40,0.03359,0.75,0.029500000000000002,0,0.428,7.024,0.158,5.4011,3,252,18.3,0.019799999999999998,34.9
41,0.12744,0.0,0.0691,0,0.448,6.77,0.028999999999999998,5.7209,3,233,17.9,0.0484,26.6
42,0.1415,0.0,0.0691,0,0.448,6.169,0.066,5.7209,3,233,17.9,0.0581,25.3
43,0.15936,0.0,0.0691,0,0.448,6.211,0.065,5.7209,3,233,17.9,0.07440000000000001,24.7
44,0.12269,0.0,0.0691,0,0.448,6.069,0.4,5.7209,3,233,17.9,0.0955,21.2
45,0.17142,0.0,0.0691,0,0.448,5.682,0.33799999999999997,5.1004,3,233,17.9,0.10210000000000001,19.3
46,0.18836,0.0,0.0691,0,0.448,5.786,0.33299999999999996,5.1004,3,233,17.9,0.14150000000000001,20.0
47,0.22927,0.0,0.0691,0,0.448,6.03,0.855,5.6894,3,233,17.9,0.188,16.6
48,0.25387,0.0,0.0691,0,0.448,5.399,0.953,5.87,3,233,17.9,0.3081,14.4
49,0.21977,0.0,0.0691,0,0.448,5.602,0.62,6.0877,3,233,17.9,0.162,19.4
50,0.08873,0.21,0.0564,0,0.439,5.963,0.457,6.8147,4,243,16.8,0.13449999999999998,19.7
51,0.04337,0.21,0.0564,0,0.439,6.115,0.63,6.8147,4,243,16.8,0.0943,20.5
52,0.0536,0.21,0.0564,0,0.439,6.511,0.21100000000000002,6.8147,4,243,16.8,0.0528,25.0
53,0.04981,0.21,0.0564,0,0.439,5.998,0.214,6.8147,4,243,16.8,0.0843,23.4
54,0.0136,0.75,0.04,0,0.41,5.888,0.47600000000000003,7.3197,3,469,21.1,0.14800000000000002,18.9
55,0.01311,0.9,0.012199999999999999,0,0.403,7.249,0.21899999999999997,8.6966,5,226,17.9,0.0481,35.4
56,0.02055,0.85,0.0074,0,0.41,6.383,0.35700000000000004,9.1876,2,313,17.3,0.057699999999999994,24.7
57,0.01432,1.0,0.0132,0,0.411,6.816,0.405,8.3248,5,256,15.1,0.0395,31.6
58,0.15445,0.25,0.0513,0,0.453,6.145,0.292,7.8148,8,284,19.7,0.06860000000000001,23.3
59,0.10328,0.25,0.0513,0,0.453,5.927,0.47200000000000003,6.932,8,284,19.7,0.0922,19.6
60,0.14932,0.25,0.0513,0,0.453,5.741,0.662,7.2254,8,284,19.7,0.1315,18.7
61,0.17171,0.25,0.0513,0,0.453,5.966,0.934,6.8185,8,284,19.7,0.1444,16.0
62,0.11027,0.25,0.0513,0,0.453,6.456,0.6779999999999999,7.2255,8,284,19.7,0.0673,22.2
63,0.1265,0.25,0.0513,0,0.453,6.762,0.434,7.9809,8,284,19.7,0.095,25.0
64,0.01951,0.175,0.0138,0,0.4161,7.104,0.595,9.2229,3,216,18.6,0.0805,33.0
65,0.03584,0.8,0.0337,0,0.398,6.29,0.17800000000000002,6.6115,4,337,16.1,0.0467,23.5
66,0.04379,0.8,0.0337,0,0.398,5.787,0.311,6.6115,4,337,16.1,0.1024,19.4
67,0.05789,0.125,0.060700000000000004,0,0.409,5.878,0.214,6.498,4,345,18.9,0.081,22.0
68,0.13554,0.125,0.060700000000000004,0,0.409,5.594,0.368,6.498,4,345,18.9,0.1309,17.4
69,0.12816,0.125,0.060700000000000004,0,0.409,5.885,0.33,6.498,4,345,18.9,0.08789999999999999,20.9
70,0.08826,0.0,0.1081,0,0.413,6.417,0.066,5.2873,4,305,19.2,0.0672,24.2
71,0.15876,0.0,0.1081,0,0.413,5.961,0.175,5.2873,4,305,19.2,0.09880000000000001,21.7
72,0.09164,0.0,0.1081,0,0.413,6.065,0.078,5.2873,4,305,19.2,0.0552,22.8
73,0.19539,0.0,0.1081,0,0.413,6.245,0.062,5.2873,4,305,19.2,0.0754,23.4
74,0.07896,0.0,0.1283,0,0.437,6.273,0.06,4.2515,5,398,18.7,0.0678,24.1
75,0.09512,0.0,0.1283,0,0.437,6.286,0.45,4.5026,5,398,18.7,0.0894,21.4
76,0.10153,0.0,0.1283,0,0.437,6.279,0.745,4.0522,5,398,18.7,0.1197,20.0
77,0.08707,0.0,0.1283,0,0.437,6.14,0.45799999999999996,4.0905,5,398,18.7,0.1027,20.8
78,0.05646,0.0,0.1283,0,0.437,6.232,0.537,5.0141,5,398,18.7,0.1234,21.2
79,0.08387,0.0,0.1283,0,0.437,5.874,0.366,4.5026,5,398,18.7,0.091,20.3
80,0.04113,0.25,0.048600000000000004,0,0.426,6.727,0.335,5.4007,4,281,19.0,0.0529,28.0
81,0.04462,0.25,0.048600000000000004,0,0.426,6.619,0.7040000000000001,5.4007,4,281,19.0,0.0722,23.9
82,0.03659,0.25,0.048600000000000004,0,0.426,6.302,0.322,5.4007,4,281,19.0,0.0672,24.8
83,0.03551,0.25,0.048600000000000004,0,0.426,6.167,0.467,5.4007,4,281,19.0,0.0751,22.9
84,0.05059,0.0,0.0449,0,0.449,6.389,0.48,4.7794,3,247,18.5,0.0962,23.9
85,0.05735,0.0,0.0449,0,0.449,6.63,0.561,4.4377,3,247,18.5,0.0653,26.6
86,0.05188,0.0,0.0449,0,0.449,6.015,0.451,4.4272,3,247,18.5,0.1286,22.5
87,0.07151,0.0,0.0449,0,0.449,6.121,0.568,3.7476,3,247,18.5,0.08439999999999999,22.2
88,0.0566,0.0,0.0341,0,0.489,7.007,0.863,3.4217,2,270,17.8,0.055,23.6
89,0.05302,0.0,0.0341,0,0.489,7.079,0.631,3.4145,2,270,17.8,0.057,28.7
90,0.04684,0.0,0.0341,0,0.489,6.417,0.6609999999999999,3.0923,2,270,17.8,0.08810000000000001,22.6
91,0.03932,0.0,0.0341,0,0.489,6.405,0.7390000000000001,3.0921,2,270,17.8,0.08199999999999999,22.0
92,0.04203,0.28,0.15039999999999998,0,0.464,6.442,0.536,3.6659,4,270,18.2,0.0816,22.9
93,0.02875,0.28,0.15039999999999998,0,0.464,6.211,0.289,3.6659,4,270,18.2,0.0621,25.0
94,0.04294,0.28,0.15039999999999998,0,0.464,6.249,0.773,3.615,4,270,18.2,0.1059,20.6
95,0.12204,0.0,0.028900000000000002,0,0.445,6.625,0.578,3.4952,2,276,18.0,0.0665,28.4
96,0.11504,0.0,0.028900000000000002,0,0.445,6.163,0.696,3.4952,2,276,18.0,0.1134,21.4
97,0.12083,0.0,0.028900000000000002,0,0.445,8.069,0.76,3.4952,2,276,18.0,0.0421,38.7
98,0.08187,0.0,0.028900000000000002,0,0.445,7.82,0.369,3.4952,2,276,18.0,0.035699999999999996,43.8
99,0.0686,0.0,0.028900000000000002,0,0.445,7.416,0.625,3.4952,2,276,18.0,0.061900000000000004,33.2
100,0.14866,0.0,0.08560000000000001,0,0.52,6.727,0.799,2.7778,5,384,20.9,0.0942,27.5
101,0.11432,0.0,0.08560000000000001,0,0.52,6.781,0.713,2.8561,5,384,20.9,0.0767,26.5
102,0.22876,0.0,0.08560000000000001,0,0.52,6.405,0.8540000000000001,2.7147,5,384,20.9,0.1063,18.6
103,0.21161,0.0,0.08560000000000001,0,0.52,6.137,0.8740000000000001,2.7147,5,384,20.9,0.1344,19.3
104,0.1396,0.0,0.08560000000000001,0,0.52,6.167,0.9,2.421,5,384,20.9,0.1233,20.1
105,0.13262,0.0,0.08560000000000001,0,0.52,5.851,0.9670000000000001,2.1069,5,384,20.9,0.16469999999999999,19.5
106,0.1712,0.0,0.08560000000000001,0,0.52,5.836,0.919,2.211,5,384,20.9,0.1866,19.5
107,0.13117,0.0,0.08560000000000001,0,0.52,6.127,0.852,2.1224,5,384,20.9,0.1409,20.4
108,0.12802,0.0,0.08560000000000001,0,0.52,6.474,0.971,2.4329,5,384,20.9,0.12269999999999999,19.8
109,0.26363,0.0,0.08560000000000001,0,0.52,6.229,0.912,2.5451,5,384,20.9,0.1555,19.4
110,0.10793,0.0,0.08560000000000001,0,0.52,6.195,0.544,2.7778,5,384,20.9,0.13,21.7
111,0.10084,0.0,0.1001,0,0.547,6.715,0.816,2.6775,6,432,17.8,0.1016,22.8
112,0.12329,0.0,0.1001,0,0.547,5.913,0.929,2.3534,6,432,17.8,0.16210000000000002,18.8
113,0.22212,0.0,0.1001,0,0.547,6.092,0.9540000000000001,2.548,6,432,17.8,0.1709,18.7
114,0.14231,0.0,0.1001,0,0.547,6.254,0.8420000000000001,2.2565,6,432,17.8,0.1045,18.5
115,0.17134,0.0,0.1001,0,0.547,5.928,0.882,2.4631,6,432,17.8,0.1576,18.3
116,0.13158,0.0,0.1001,0,0.547,6.176,0.725,2.7301,6,432,17.8,0.1204,21.2
117,0.15098,0.0,0.1001,0,0.547,6.021,0.826,2.7474,6,432,17.8,0.10300000000000001,19.2
118,0.13058,0.0,0.1001,0,0.547,5.872,0.731,2.4775,6,432,17.8,0.1537,20.4
119,0.14476,0.0,0.1001,0,0.547,5.731,0.652,2.7592,6,432,17.8,0.1361,19.3
120,0.06899,0.0,0.2565,0,0.581,5.87,0.6970000000000001,2.2577,2,188,19.1,0.1437,22.0
121,0.07165,0.0,0.2565,0,0.581,6.004,0.841,2.1974,2,188,19.1,0.1427,20.3
122,0.09299,0.0,0.2565,0,0.581,5.961,0.929,2.0869,2,188,19.1,0.1793,20.5
123,0.15038,0.0,0.2565,0,0.581,5.856,0.97,1.9444,2,188,19.1,0.2541,17.3
124,0.09849,0.0,0.2565,0,0.581,5.879,0.958,2.0063,2,188,19.1,0.17579999999999998,18.8
125,0.16902,0.0,0.2565,0,0.581,5.986,0.884,1.9929,2,188,19.1,0.1481,21.4
126,0.38735,0.0,0.2565,0,0.581,5.613,0.956,1.7572,2,188,19.1,0.2726,15.7
127,0.25915,0.0,0.2189,0,0.624,5.693,0.96,1.7883,4,437,21.2,0.17190000000000003,16.2
128,0.32543,0.0,0.2189,0,0.624,6.431,0.988,1.8125,4,437,21.2,0.1539,18.0
129,0.88125,0.0,0.2189,0,0.624,5.637,0.9470000000000001,1.9799,4,437,21.2,0.1834,14.3
130,0.34006,0.0,0.2189,0,0.624,6.458,0.9890000000000001,2.1185,4,437,21.2,0.126,19.2
131,1.19294,0.0,0.2189,0,0.624,6.326,0.977,2.271,4,437,21.2,0.1226,19.6
132,0.59005,0.0,0.2189,0,0.624,6.372,0.9790000000000001,2.3274,4,437,21.2,0.1112,23.0
133,0.32982,0.0,0.2189,0,0.624,5.822,0.9540000000000001,2.4699,4,437,21.2,0.1503,18.4
134,0.97617,0.0,0.2189,0,0.624,5.757,0.9840000000000001,2.346,4,437,21.2,0.17309999999999998,15.6
135,0.55778,0.0,0.2189,0,0.624,6.335,0.982,2.1107,4,437,21.2,0.1696,18.1
136,0.32264,0.0,0.2189,0,0.624,5.942,0.935,1.9669,4,437,21.2,0.16899999999999998,17.4
137,0.35233,0.0,0.2189,0,0.624,6.454,0.9840000000000001,1.8498,4,437,21.2,0.1459,17.1
138,0.2498,0.0,0.2189,0,0.624,5.857,0.982,1.6686,4,437,21.2,0.2132,13.3
139,0.54452,0.0,0.2189,0,0.624,6.151,0.9790000000000001,1.6687,4,437,21.2,0.18460000000000001,17.8
140,0.2909,0.0,0.2189,0,0.624,6.174,0.9359999999999999,1.6119,4,437,21.2,0.2416,14.0
141,1.62864,0.0,0.2189,0,0.624,5.019,1.0,1.4394,4,437,21.2,0.34409999999999996,14.4
142,3.32105,0.0,0.19579999999999997,1,0.871,5.403,1.0,1.3216,5,403,14.7,0.2682,13.4
143,4.0974,0.0,0.19579999999999997,0,0.871,5.468,1.0,1.4118,5,403,14.7,0.2642,15.6
144,2.77974,0.0,0.19579999999999997,0,0.871,4.903,0.978,1.3459,5,403,14.7,0.2929,11.8
145,2.37934,0.0,0.19579999999999997,0,0.871,6.13,1.0,1.4191,5,403,14.7,0.278,13.8
146,2.15505,0.0,0.19579999999999997,0,0.871,5.628,1.0,1.5166,5,403,14.7,0.16649999999999998,15.6
147,2.36862,0.0,0.19579999999999997,0,0.871,4.926,0.9570000000000001,1.4608,5,403,14.7,0.2953,14.6
148,2.33099,0.0,0.19579999999999997,0,0.871,5.186,0.938,1.5296,5,403,14.7,0.2832,17.8
149,2.73397,0.0,0.19579999999999997,0,0.871,5.597,0.9490000000000001,1.5257,5,403,14.7,0.2145,15.4
150,1.6566,0.0,0.19579999999999997,0,0.871,6.122,0.973,1.618,5,403,14.7,0.141,21.5
151,1.49632,0.0,0.19579999999999997,0,0.871,5.404,1.0,1.5916,5,403,14.7,0.1328,19.6
152,1.12658,0.0,0.19579999999999997,1,0.871,5.012,0.88,1.6102,5,403,14.7,0.12119999999999999,15.3
153,2.14918,0.0,0.19579999999999997,0,0.871,5.709,0.985,1.6232,5,403,14.7,0.15789999999999998,19.4
154,1.41385,0.0,0.19579999999999997,1,0.871,6.129,0.96,1.7494,5,403,14.7,0.1512,17.0
155,3.53501,0.0,0.19579999999999997,1,0.871,6.152,0.826,1.7455,5,403,14.7,0.1502,15.6
156,2.44668,0.0,0.19579999999999997,0,0.871,5.272,0.94,1.7364,5,403,14.7,0.16140000000000002,13.1
157,1.22358,0.0,0.19579999999999997,0,0.605,6.943,0.9740000000000001,1.8773,5,403,14.7,0.045899999999999996,41.3
158,1.34284,0.0,0.19579999999999997,0,0.605,6.066,1.0,1.7573,5,403,14.7,0.0643,24.3
159,1.42502,0.0,0.19579999999999997,0,0.871,6.51,1.0,1.7659,5,403,14.7,0.0739,23.3
160,1.27346,0.0,0.19579999999999997,1,0.605,6.25,0.9259999999999999,1.7984,5,403,14.7,0.055,27.0
161,1.46336,0.0,0.19579999999999997,0,0.605,7.489,0.9079999999999999,1.9709,5,403,14.7,0.0173,50.0
162,1.83377,0.0,0.19579999999999997,1,0.605,7.802,0.982,2.0407,5,403,14.7,0.0192,50.0
163,1.51902,0.0,0.19579999999999997,1,0.605,8.375,0.9390000000000001,2.162,5,403,14.7,0.0332,50.0
164,2.24236,0.0,0.19579999999999997,0,0.605,5.854,0.9179999999999999,2.422,5,403,14.7,0.1164,22.7
165,2.924,0.0,0.19579999999999997,0,0.605,6.101,0.93,2.2834,5,403,14.7,0.0981,25.0
166,2.01019,0.0,0.19579999999999997,0,0.605,7.929,0.9620000000000001,2.0459,5,403,14.7,0.037000000000000005,50.0
167,1.80028,0.0,0.19579999999999997,0,0.605,5.877,0.792,2.4259,5,403,14.7,0.12140000000000001,23.8
168,2.3004,0.0,0.19579999999999997,0,0.605,6.319,0.961,2.1,5,403,14.7,0.111,23.8
169,2.44953,0.0,0.19579999999999997,0,0.605,6.402,0.9520000000000001,2.2625,5,403,14.7,0.11320000000000001,22.3
170,1.20742,0.0,0.19579999999999997,0,0.605,5.875,0.946,2.4259,5,403,14.7,0.14429999999999998,17.4
171,2.3139,0.0,0.19579999999999997,0,0.605,5.88,0.973,2.3887,5,403,14.7,0.12029999999999999,19.1
172,0.13914,0.0,0.0405,0,0.51,5.572,0.885,2.5961,5,296,16.6,0.1469,23.1
173,0.09178,0.0,0.0405,0,0.51,6.416,0.841,2.6463,5,296,16.6,0.0904,23.6
174,0.08447,0.0,0.0405,0,0.51,5.859,0.687,2.7019,5,296,16.6,0.0964,22.6
175,0.06664,0.0,0.0405,0,0.51,6.546,0.331,3.1323,5,296,16.6,0.0533,29.4
176,0.07022,0.0,0.0405,0,0.51,6.02,0.47200000000000003,3.5549,5,296,16.6,0.1011,23.2
177,0.05425,0.0,0.0405,0,0.51,6.315,0.7340000000000001,3.3175,5,296,16.6,0.0629,24.6
178,0.06642,0.0,0.0405,0,0.51,6.86,0.7440000000000001,2.9153,5,296,16.6,0.0692,29.9
179,0.0578,0.0,0.0246,0,0.488,6.98,0.584,2.829,3,193,17.8,0.0504,37.2
180,0.06588,0.0,0.0246,0,0.488,7.765,0.833,2.741,3,193,17.8,0.0756,39.8
181,0.06888,0.0,0.0246,0,0.488,6.144,0.622,2.5979,3,193,17.8,0.09449999999999999,36.2
182,0.09103,0.0,0.0246,0,0.488,7.155,0.922,2.7006,3,193,17.8,0.0482,37.9
183,0.10008,0.0,0.0246,0,0.488,6.563,0.956,2.847,3,193,17.8,0.056799999999999996,32.5
184,0.08308,0.0,0.0246,0,0.488,5.604,0.898,2.9879,3,193,17.8,0.1398,26.4
185,0.06047,0.0,0.0246,0,0.488,6.153,0.688,3.2797,3,193,17.8,0.1315,29.6
186,0.05602,0.0,0.0246,0,0.488,7.831,0.536,3.1992,3,193,17.8,0.044500000000000005,50.0
187,0.07875,0.45,0.0344,0,0.437,6.782,0.41100000000000003,3.7886,5,398,15.2,0.0668,32.0
188,0.12579,0.45,0.0344,0,0.437,6.556,0.29100000000000004,4.5667,5,398,15.2,0.045599999999999995,29.8
189,0.0837,0.45,0.0344,0,0.437,7.185,0.389,4.5667,5,398,15.2,0.053899999999999997,34.9
190,0.09068,0.45,0.0344,0,0.437,6.951,0.215,6.4798,5,398,15.2,0.051,37.0
191,0.06911,0.45,0.0344,0,0.437,6.739,0.308,6.4798,5,398,15.2,0.046900000000000004,30.5
192,0.08664,0.45,0.0344,0,0.437,7.178,0.263,6.4798,5,398,15.2,0.0287,36.4
193,0.02187,0.6,0.029300000000000003,0,0.401,6.8,0.099,6.2196,1,265,15.6,0.050300000000000004,31.1
194,0.01439,0.6,0.029300000000000003,0,0.401,6.604,0.188,6.2196,1,265,15.6,0.0438,29.1
195,0.01381,0.8,0.0046,0,0.422,7.875,0.32,5.6484,4,255,14.4,0.0297,50.0
196,0.04011,0.8,0.0152,0,0.404,7.287,0.341,7.309,2,329,12.6,0.0408,33.3
197,0.04666,0.8,0.0152,0,0.404,7.107,0.366,7.309,2,329,12.6,0.0861,30.3
198,0.03768,0.8,0.0152,0,0.404,7.274,0.38299999999999995,7.309,2,329,12.6,0.0662,34.6
199,0.0315,0.95,0.0147,0,0.403,6.975,0.153,7.6534,3,402,17.0,0.045599999999999995,34.9
200,0.01778,0.95,0.0147,0,0.403,7.135,0.139,7.6534,3,402,17.0,0.044500000000000005,32.9
201,0.03445,0.825,0.0203,0,0.415,6.162,0.384,6.27,2,348,14.7,0.07429999999999999,24.1
202,0.02177,0.825,0.0203,0,0.415,7.61,0.157,6.27,2,348,14.7,0.0311,42.3
203,0.0351,0.95,0.0268,0,0.4161,7.853,0.332,5.118,4,224,14.7,0.0381,48.5
204,0.02009,0.95,0.0268,0,0.4161,8.034,0.319,5.118,4,224,14.7,0.0288,50.0
205,0.13642,0.0,0.1059,0,0.489,5.891,0.223,3.9454,4,277,18.6,0.10869999999999999,22.6
206,0.22969,0.0,0.1059,0,0.489,6.326,0.525,4.3549,4,277,18.6,0.1097,24.4
207,0.25199,0.0,0.1059,0,0.489,5.783,0.727,4.3549,4,277,18.6,0.18059999999999998,22.5
208,0.13587,0.0,0.1059,1,0.489,6.064,0.591,4.2392,4,277,18.6,0.1466,24.4
209,0.43571,0.0,0.1059,1,0.489,5.344,1.0,3.875,4,277,18.6,0.2309,20.0
210,0.17446,0.0,0.1059,1,0.489,5.96,0.9209999999999999,3.8771,4,277,18.6,0.1727,21.7
211,0.37578,0.0,0.1059,1,0.489,5.404,0.8859999999999999,3.665,4,277,18.6,0.2398,19.3
212,0.21719,0.0,0.1059,1,0.489,5.807,0.5379999999999999,3.6526,4,277,18.6,0.1603,22.4
213,0.14052,0.0,0.1059,0,0.489,6.375,0.32299999999999995,3.9454,4,277,18.6,0.09380000000000001,28.1
214,0.28955,0.0,0.1059,0,0.489,5.412,0.098,3.5875,4,277,18.6,0.2955,23.7
215,0.19802,0.0,0.1059,0,0.489,6.182,0.424,3.9454,4,277,18.6,0.0947,25.0
216,0.0456,0.0,0.1389,1,0.55,5.888,0.56,3.1121,5,276,16.4,0.1351,23.3
217,0.07013,0.0,0.1389,0,0.55,6.642,0.851,3.4211,5,276,16.4,0.0969,28.7
218,0.11069,0.0,0.1389,1,0.55,5.951,0.938,2.8893,5,276,16.4,0.17920000000000003,21.5
219,0.11425,0.0,0.1389,1,0.55,6.373,0.924,3.3633,5,276,16.4,0.105,23.0
220,0.35809,0.0,0.062,1,0.507,6.951,0.885,2.8617,8,307,17.4,0.0971,26.7
221,0.40771,0.0,0.062,1,0.507,6.164,0.9129999999999999,3.048,8,307,17.4,0.2146,21.7
222,0.62356,0.0,0.062,1,0.507,6.879,0.777,3.2721,8,307,17.4,0.0993,27.5
223,0.6147,0.0,0.062,0,0.507,6.618,0.8079999999999999,3.2721,8,307,17.4,0.076,30.1
224,0.31533,0.0,0.062,0,0.504,8.266,0.7829999999999999,2.8944,8,307,17.4,0.0414,44.8
225,0.52693,0.0,0.062,0,0.504,8.725,0.83,2.8944,8,307,17.4,0.0463,50.0
226,0.38214,0.0,0.062,0,0.504,8.04,0.865,3.2157,8,307,17.4,0.0313,37.6
227,0.41238,0.0,0.062,0,0.504,7.163,0.799,3.2157,8,307,17.4,0.0636,31.6
228,0.29819,0.0,0.062,0,0.504,7.686,0.17,3.3751,8,307,17.4,0.0392,46.7
229,0.44178,0.0,0.062,0,0.504,6.552,0.214,3.3751,8,307,17.4,0.037599999999999995,31.5
230,0.537,0.0,0.062,0,0.504,5.981,0.6809999999999999,3.6715,8,307,17.4,0.1165,24.3
231,0.46296,0.0,0.062,0,0.504,7.412,0.769,3.6715,8,307,17.4,0.0525,31.7
232,0.57529,0.0,0.062,0,0.507,8.337,0.733,3.8384,8,307,17.4,0.024700000000000003,41.7
233,0.33147,0.0,0.062,0,0.507,8.247,0.7040000000000001,3.6519,8,307,17.4,0.0395,48.3
234,0.44791,0.0,0.062,1,0.507,6.726,0.665,3.6519,8,307,17.4,0.0805,29.0
235,0.33045,0.0,0.062,0,0.507,6.086,0.615,3.6519,8,307,17.4,0.10880000000000001,24.0
236,0.52058,0.0,0.062,1,0.507,6.631,0.765,4.148,8,307,17.4,0.09539999999999998,25.1
237,0.51183,0.0,0.062,0,0.507,7.358,0.716,4.148,8,307,17.4,0.0473,31.5
238,0.08244,0.3,0.0493,0,0.428,6.481,0.185,6.1899,6,300,16.6,0.0636,23.7
239,0.09252,0.3,0.0493,0,0.428,6.606,0.42200000000000004,6.1899,6,300,16.6,0.0737,23.3
240,0.11329,0.3,0.0493,0,0.428,6.897,0.5429999999999999,6.3361,6,300,16.6,0.11380000000000001,22.0
241,0.10612,0.3,0.0493,0,0.428,6.095,0.6509999999999999,6.3361,6,300,16.6,0.124,20.1
242,0.1029,0.3,0.0493,0,0.428,6.358,0.529,7.0355,6,300,16.6,0.11220000000000001,22.2
243,0.12757,0.3,0.0493,0,0.428,6.393,0.078,7.0355,6,300,16.6,0.0519,23.7
244,0.20608,0.22,0.058600000000000006,0,0.431,5.593,0.765,7.9549,7,330,19.1,0.125,17.6
245,0.19133,0.22,0.058600000000000006,0,0.431,5.605,0.7020000000000001,7.9549,7,330,19.1,0.18460000000000001,18.5
246,0.33983,0.22,0.058600000000000006,0,0.431,6.108,0.349,8.0555,7,330,19.1,0.0916,24.3
247,0.19657,0.22,0.058600000000000006,0,0.431,6.226,0.792,8.0555,7,330,19.1,0.1015,20.5
248,0.16439,0.22,0.058600000000000006,0,0.431,6.433,0.491,7.8265,7,330,19.1,0.09519999999999999,24.5
249,0.19073,0.22,0.058600000000000006,0,0.431,6.718,0.175,7.8265,7,330,19.1,0.06559999999999999,26.2
250,0.1403,0.22,0.058600000000000006,0,0.431,6.487,0.13,7.3967,7,330,19.1,0.059000000000000004,24.4
251,0.21409,0.22,0.058600000000000006,0,0.431,6.438,0.08900000000000001,7.3967,7,330,19.1,0.0359,24.8
252,0.08221,0.22,0.058600000000000006,0,0.431,6.957,0.068,8.9067,7,330,19.1,0.0353,29.6
253,0.36894,0.22,0.058600000000000006,0,0.431,8.259,0.084,8.9067,7,330,19.1,0.0354,42.8
254,0.04819,0.8,0.0364,0,0.392,6.108,0.32,9.2203,1,315,16.4,0.06570000000000001,21.9
255,0.03548,0.8,0.0364,0,0.392,5.876,0.191,9.2203,1,315,16.4,0.0925,20.9
256,0.01538,0.9,0.0375,0,0.394,7.454,0.342,6.3361,3,244,15.9,0.0311,44.0
257,0.61154,0.2,0.0397,0,0.647,8.704,0.8690000000000001,1.801,5,264,13.0,0.0512,50.0
258,0.66351,0.2,0.0397,0,0.647,7.333,1.0,1.8946,5,264,13.0,0.0779,36.0
259,0.65665,0.2,0.0397,0,0.647,6.842,1.0,2.0107,5,264,13.0,0.069,30.1
260,0.54011,0.2,0.0397,0,0.647,7.203,0.818,2.1121,5,264,13.0,0.0959,33.8
261,0.53412,0.2,0.0397,0,0.647,7.52,0.894,2.1398,5,264,13.0,0.0726,43.1
262,0.52014,0.2,0.0397,0,0.647,8.398,0.915,2.2885,5,264,13.0,0.0591,48.8
263,0.82526,0.2,0.0397,0,0.647,7.327,0.945,2.0788,5,264,13.0,0.1125,31.0
264,0.55007,0.2,0.0397,0,0.647,7.206,0.9159999999999999,1.9301,5,264,13.0,0.081,36.5
265,0.76162,0.2,0.0397,0,0.647,5.56,0.628,1.9865,5,264,13.0,0.1045,22.8
266,0.7857,0.2,0.0397,0,0.647,7.014,0.846,2.1329,5,264,13.0,0.1479,30.7
267,0.57834,0.2,0.0397,0,0.575,8.297,0.67,2.4216,5,264,13.0,0.07440000000000001,50.0
268,0.5405,0.2,0.0397,0,0.575,7.47,0.526,2.872,5,264,13.0,0.0316,43.5
269,0.09065,0.2,0.0696,1,0.464,5.92,0.615,3.9175,3,223,18.6,0.1365,20.7
270,0.29916,0.2,0.0696,0,0.464,5.856,0.42100000000000004,4.429,3,223,18.6,0.13,21.1
271,0.16211,0.2,0.0696,0,0.464,6.24,0.163,4.429,3,223,18.6,0.0659,25.2
272,0.1146,0.2,0.0696,0,0.464,6.538,0.5870000000000001,3.9175,3,223,18.6,0.07730000000000001,24.4
273,0.22188,0.2,0.0696,1,0.464,7.691,0.518,4.3665,3,223,18.6,0.0658,35.2
274,0.05644,0.4,0.0641,1,0.447,6.758,0.32899999999999996,4.0776,4,254,17.6,0.0353,32.4
275,0.09604,0.4,0.0641,0,0.447,6.854,0.428,4.2673,4,254,17.6,0.0298,32.0
276,0.10469,0.4,0.0641,1,0.447,7.267,0.49,4.7872,4,254,17.6,0.0605,33.2
277,0.06127,0.4,0.0641,1,0.447,6.826,0.276,4.8628,4,254,17.6,0.0416,33.1
278,0.07978,0.4,0.0641,0,0.447,6.482,0.321,4.1403,4,254,17.6,0.0719,29.1
279,0.21038,0.2,0.0333,0,0.4429,6.812,0.322,4.1007,5,216,14.9,0.048499999999999995,35.1
280,0.03578,0.2,0.0333,0,0.4429,7.82,0.645,4.6947,5,216,14.9,0.037599999999999995,45.4
281,0.03705,0.2,0.0333,0,0.4429,6.968,0.37200000000000005,5.2447,5,216,14.9,0.045899999999999996,35.4
282,0.06129,0.2,0.0333,1,0.4429,7.645,0.49700000000000005,5.2119,5,216,14.9,0.0301,46.0
283,0.01501,0.9,0.0121,1,0.401,7.923,0.248,5.885,1,198,13.6,0.0316,50.0
284,0.00906,0.9,0.0297,0,0.4,7.088,0.20800000000000002,7.3073,1,285,15.3,0.0785,32.2
285,0.01096,0.55,0.0225,0,0.389,6.453,0.319,7.3073,1,300,15.3,0.0823,22.0
286,0.01965,0.8,0.0176,0,0.385,6.23,0.315,9.0892,1,241,18.2,0.1293,20.1
287,0.03871,0.525,0.053200000000000004,0,0.405,6.209,0.313,7.3172,6,293,16.6,0.07139999999999999,23.2
288,0.0459,0.525,0.053200000000000004,0,0.405,6.315,0.456,7.3172,6,293,16.6,0.076,22.3
289,0.04297,0.525,0.053200000000000004,0,0.405,6.565,0.22899999999999998,7.3172,6,293,16.6,0.0951,24.8
290,0.03502,0.8,0.0495,0,0.411,6.861,0.27899999999999997,5.1167,4,245,19.2,0.0333,28.5
291,0.07886,0.8,0.0495,0,0.411,7.148,0.27699999999999997,5.1167,4,245,19.2,0.0356,37.3
292,0.03615,0.8,0.0495,0,0.411,6.63,0.23399999999999999,5.1167,4,245,19.2,0.047,27.9
293,0.08265,0.0,0.1392,0,0.437,6.127,0.184,5.5027,4,289,16.0,0.0858,23.9
294,0.08199,0.0,0.1392,0,0.437,6.009,0.423,5.5027,4,289,16.0,0.10400000000000001,21.7
295,0.12932,0.0,0.1392,0,0.437,6.678,0.311,5.9604,4,289,16.0,0.06269999999999999,28.6
296,0.05372,0.0,0.1392,0,0.437,6.549,0.51,5.9604,4,289,16.0,0.0739,27.1
297,0.14103,0.0,0.1392,0,0.437,5.79,0.58,6.32,4,289,16.0,0.15839999999999999,20.3
298,0.06466,0.7,0.022400000000000003,0,0.4,6.345,0.201,7.8278,5,358,14.8,0.049699999999999994,22.5
299,0.05561,0.7,0.022400000000000003,0,0.4,7.041,0.1,7.8278,5,358,14.8,0.047400000000000005,29.0
300,0.04417,0.7,0.022400000000000003,0,0.4,6.871,0.474,7.8278,5,358,14.8,0.060700000000000004,24.8
301,0.03537,0.34,0.060899999999999996,0,0.433,6.59,0.40399999999999997,5.4917,7,329,16.1,0.095,22.0
302,0.09266,0.34,0.060899999999999996,0,0.433,6.495,0.184,5.4917,7,329,16.1,0.0867,26.4
303,0.1,0.34,0.060899999999999996,0,0.433,6.982,0.177,5.4917,7,329,16.1,0.048600000000000004,33.1
304,0.05515,0.33,0.0218,0,0.472,7.236,0.41100000000000003,4.022,7,222,18.4,0.0693,36.1
305,0.05479,0.33,0.0218,0,0.472,6.616,0.581,3.37,7,222,18.4,0.08929999999999999,28.4
306,0.07503,0.33,0.0218,0,0.472,7.42,0.7190000000000001,3.0992,7,222,18.4,0.0647,33.4
307,0.04932,0.33,0.0218,0,0.472,6.849,0.703,3.1827,7,222,18.4,0.0753,28.2
308,0.49298,0.0,0.099,0,0.544,6.635,0.825,3.3175,4,304,18.4,0.0454,22.8
309,0.3494,0.0,0.099,0,0.544,5.972,0.767,3.1025,4,304,18.4,0.09970000000000001,20.3
310,2.63548,0.0,0.099,0,0.544,4.973,0.37799999999999995,2.5194,4,304,18.4,0.1264,16.1
311,0.79041,0.0,0.099,0,0.544,6.122,0.528,2.6403,4,304,18.4,0.059800000000000006,22.1
312,0.26169,0.0,0.099,0,0.544,6.023,0.904,2.834,4,304,18.4,0.11720000000000001,19.4
313,0.26938,0.0,0.099,0,0.544,6.266,0.828,3.2628,4,304,18.4,0.079,21.6
314,0.3692,0.0,0.099,0,0.544,6.567,0.873,3.6023,4,304,18.4,0.0928,23.8
315,0.25356,0.0,0.099,0,0.544,5.705,0.777,3.945,4,304,18.4,0.115,16.2
316,0.31827,0.0,0.099,0,0.544,5.914,0.8320000000000001,3.9986,4,304,18.4,0.1833,17.8
317,0.24522,0.0,0.099,0,0.544,5.782,0.7170000000000001,4.0317,4,304,18.4,0.1594,19.8
318,0.40202,0.0,0.099,0,0.544,6.382,0.672,3.5325,4,304,18.4,0.1036,23.1
319,0.47547,0.0,0.099,0,0.544,6.113,0.588,4.0019,4,304,18.4,0.1273,21.0
320,0.1676,0.0,0.0738,0,0.493,6.426,0.523,4.5404,5,287,19.6,0.07200000000000001,23.8
321,0.18159,0.0,0.0738,0,0.493,6.376,0.5429999999999999,4.5404,5,287,19.6,0.0687,23.1
322,0.35114,0.0,0.0738,0,0.493,6.041,0.499,4.7211,5,287,19.6,0.077,20.4
323,0.28392,0.0,0.0738,0,0.493,5.708,0.743,4.7211,5,287,19.6,0.1174,18.5
324,0.34109,0.0,0.0738,0,0.493,6.415,0.401,4.7211,5,287,19.6,0.061200000000000004,25.0
325,0.19186,0.0,0.0738,0,0.493,6.431,0.147,5.4159,5,287,19.6,0.0508,24.6
326,0.30347,0.0,0.0738,0,0.493,6.312,0.289,5.4159,5,287,19.6,0.061500000000000006,23.0
327,0.24103,0.0,0.0738,0,0.493,6.083,0.43700000000000006,5.4159,5,287,19.6,0.12789999999999999,22.2
328,0.06617,0.0,0.032400000000000005,0,0.46,5.868,0.258,5.2146,4,430,16.9,0.09970000000000001,19.3
329,0.06724,0.0,0.032400000000000005,0,0.46,6.333,0.172,5.2146,4,430,16.9,0.07339999999999999,22.6
330,0.04544,0.0,0.032400000000000005,0,0.46,6.144,0.322,5.8736,4,430,16.9,0.0909,19.8
331,0.05023,0.35,0.060599999999999994,0,0.4379,5.706,0.284,6.6407,1,304,16.9,0.1243,17.1
332,0.03466,0.35,0.060599999999999994,0,0.4379,6.031,0.233,6.6407,1,304,16.9,0.0783,19.4
333,0.05083,0.0,0.0519,0,0.515,6.316,0.381,6.4584,5,224,20.2,0.056799999999999996,22.2
334,0.03738,0.0,0.0519,0,0.515,6.31,0.385,6.4584,5,224,20.2,0.0675,20.7
335,0.03961,0.0,0.0519,0,0.515,6.037,0.345,5.9853,5,224,20.2,0.0801,21.1
336,0.03427,0.0,0.0519,0,0.515,5.869,0.46299999999999997,5.2311,5,224,20.2,0.098,19.5
337,0.03041,0.0,0.0519,0,0.515,5.895,0.596,5.615,5,224,20.2,0.1056,18.5
338,0.03306,0.0,0.0519,0,0.515,6.059,0.373,4.8122,5,224,20.2,0.0851,20.6
339,0.05497,0.0,0.0519,0,0.515,5.985,0.45399999999999996,4.8122,5,224,20.2,0.0974,19.0
340,0.06151,0.0,0.0519,0,0.515,5.968,0.585,4.8122,5,224,20.2,0.0929,18.7
341,0.01301,0.35,0.0152,0,0.442,7.241,0.493,7.0379,1,284,15.5,0.054900000000000004,32.7
342,0.02498,0.0,0.0189,0,0.518,6.54,0.597,6.2669,1,422,15.9,0.08650000000000001,16.5
343,0.02543,0.55,0.0378,0,0.484,6.696,0.564,5.7321,5,370,17.6,0.0718,23.9
344,0.03049,0.55,0.0378,0,0.484,6.874,0.281,6.4654,5,370,17.6,0.0461,31.2
345,0.03113,0.0,0.043899999999999995,0,0.442,6.014,0.485,8.0136,3,352,18.8,0.10529999999999999,17.5
346,0.06162,0.0,0.043899999999999995,0,0.442,5.898,0.523,8.0136,3,352,18.8,0.1267,17.2
347,0.0187,0.85,0.0415,0,0.429,6.516,0.27699999999999997,8.5353,4,351,17.9,0.0636,23.1
348,0.01501,0.8,0.020099999999999996,0,0.435,6.635,0.297,8.344,4,280,17.0,0.0599,24.5
349,0.02899,0.4,0.0125,0,0.429,6.939,0.345,8.7921,1,335,19.7,0.058899999999999994,26.6
350,0.06211,0.4,0.0125,0,0.429,6.49,0.444,8.7921,1,335,19.7,0.059800000000000006,22.9
351,0.0795,0.6,0.0169,0,0.411,6.579,0.359,10.7103,4,411,18.3,0.054900000000000004,24.1
352,0.07244,0.6,0.0169,0,0.411,5.884,0.185,10.7103,4,411,18.3,0.0779,18.6
353,0.01709,0.9,0.0202,0,0.41,6.728,0.361,12.1265,5,187,17.0,0.045,30.1
354,0.04301,0.8,0.0191,0,0.413,5.663,0.21899999999999997,10.5857,4,334,22.0,0.0805,18.2
355,0.10659,0.8,0.0191,0,0.413,5.936,0.195,10.5857,4,334,22.0,0.0557,20.6
356,8.98296,0.0,0.18100000000000002,1,0.77,6.212,0.9740000000000001,2.1222,24,666,20.2,0.17600000000000002,17.8
357,3.8497,0.0,0.18100000000000002,1,0.77,6.395,0.91,2.5052,24,666,20.2,0.13269999999999998,21.7
358,5.20177,0.0,0.18100000000000002,1,0.77,6.127,0.8340000000000001,2.7227,24,666,20.2,0.1148,22.7
359,4.26131,0.0,0.18100000000000002,0,0.77,6.112,0.813,2.5091,24,666,20.2,0.1267,22.6
360,4.54192,0.0,0.18100000000000002,0,0.77,6.398,0.88,2.5182,24,666,20.2,0.0779,25.0
361,3.83684,0.0,0.18100000000000002,0,0.77,6.251,0.9109999999999999,2.2955,24,666,20.2,0.1419,19.9
362,3.67822,0.0,0.18100000000000002,0,0.77,5.362,0.9620000000000001,2.1036,24,666,20.2,0.10189999999999999,20.8
363,4.22239,0.0,0.18100000000000002,1,0.77,5.803,0.89,1.9047,24,666,20.2,0.1464,16.8
364,3.47428,0.0,0.18100000000000002,1,0.718,8.78,0.8290000000000001,1.9047,24,666,20.2,0.0529,21.9
365,4.55587,0.0,0.18100000000000002,0,0.718,3.561,0.879,1.6132,24,666,20.2,0.0712,27.5
366,3.69695,0.0,0.18100000000000002,0,0.718,4.963,0.914,1.7523,24,666,20.2,0.14,21.9
367,13.5222,0.0,0.18100000000000002,0,0.631,3.863,1.0,1.5106,24,666,20.2,0.1333,23.1
368,4.89822,0.0,0.18100000000000002,0,0.631,4.97,1.0,1.3325,24,666,20.2,0.0326,50.0
369,5.66998,0.0,0.18100000000000002,1,0.631,6.683,0.968,1.3567,24,666,20.2,0.0373,50.0
370,6.53876,0.0,0.18100000000000002,1,0.631,7.016,0.975,1.2024,24,666,20.2,0.0296,50.0
371,9.2323,0.0,0.18100000000000002,0,0.631,6.216,1.0,1.1691,24,666,20.2,0.0953,50.0
372,8.26725,0.0,0.18100000000000002,1,0.668,5.875,0.8959999999999999,1.1296,24,666,20.2,0.0888,50.0
373,11.1081,0.0,0.18100000000000002,0,0.668,4.906,1.0,1.1742,24,666,20.2,0.3477,13.8
374,18.4982,0.0,0.18100000000000002,0,0.668,4.138,1.0,1.137,24,666,20.2,0.3797,13.8
375,19.6091,0.0,0.18100000000000002,0,0.671,7.313,0.9790000000000001,1.3163,24,666,20.2,0.1344,15.0
376,15.288,0.0,0.18100000000000002,0,0.671,6.649,0.9329999999999999,1.3449,24,666,20.2,0.2324,13.9
377,9.82349,0.0,0.18100000000000002,0,0.671,6.794,0.988,1.358,24,666,20.2,0.21239999999999998,13.3
378,23.6482,0.0,0.18100000000000002,0,0.671,6.38,0.9620000000000001,1.3861,24,666,20.2,0.2369,13.1
379,17.8667,0.0,0.18100000000000002,0,0.671,6.223,1.0,1.3861,24,666,20.2,0.21780000000000002,10.2
380,88.9762,0.0,0.18100000000000002,0,0.671,6.968,0.919,1.4165,24,666,20.2,0.1721,10.4
381,15.8744,0.0,0.18100000000000002,0,0.671,6.545,0.991,1.5192,24,666,20.2,0.2108,10.9
382,9.18702,0.0,0.18100000000000002,0,0.7,5.536,1.0,1.5804,24,666,20.2,0.23600000000000002,11.3
383,7.99248,0.0,0.18100000000000002,0,0.7,5.52,1.0,1.5331,24,666,20.2,0.24559999999999998,12.3
384,20.0849,0.0,0.18100000000000002,0,0.7,4.368,0.912,1.4395,24,666,20.2,0.3063,8.8
385,16.8118,0.0,0.18100000000000002,0,0.7,5.277,0.981,1.4261,24,666,20.2,0.3081,7.2
386,24.3938,0.0,0.18100000000000002,0,0.7,4.652,1.0,1.4672,24,666,20.2,0.2828,10.5
387,22.5971,0.0,0.18100000000000002,0,0.7,5.0,0.895,1.5184,24,666,20.2,0.31989999999999996,7.4
388,14.3337,0.0,0.18100000000000002,0,0.7,4.88,1.0,1.5895,24,666,20.2,0.3062,10.2
389,8.15174,0.0,0.18100000000000002,0,0.7,5.39,0.9890000000000001,1.7281,24,666,20.2,0.20850000000000002,11.5
390,6.96215,0.0,0.18100000000000002,0,0.7,5.713,0.97,1.9265,24,666,20.2,0.1711,15.1
391,5.29305,0.0,0.18100000000000002,0,0.7,6.051,0.825,2.1678,24,666,20.2,0.18760000000000002,23.2
392,11.5779,0.0,0.18100000000000002,0,0.7,5.036,0.97,1.77,24,666,20.2,0.2568,9.7
393,8.64476,0.0,0.18100000000000002,0,0.693,6.193,0.9259999999999999,1.7912,24,666,20.2,0.1517,13.8
394,13.3598,0.0,0.18100000000000002,0,0.693,5.887,0.9470000000000001,1.7821,24,666,20.2,0.1635,12.7
395,8.71675,0.0,0.18100000000000002,0,0.693,6.471,0.988,1.7257,24,666,20.2,0.17120000000000002,13.1
396,5.87205,0.0,0.18100000000000002,0,0.693,6.405,0.96,1.6768,24,666,20.2,0.1937,12.5
397,7.67202,0.0,0.18100000000000002,0,0.693,5.747,0.9890000000000001,1.6334,24,666,20.2,0.19920000000000002,8.5
398,38.3518,0.0,0.18100000000000002,0,0.693,5.453,1.0,1.4896,24,666,20.2,0.3059,5.0
399,9.91655,0.0,0.18100000000000002,0,0.693,5.852,0.778,1.5004,24,666,20.2,0.29969999999999997,6.3
400,25.0461,0.0,0.18100000000000002,0,0.693,5.987,1.0,1.5888,24,666,20.2,0.2677,5.6
401,14.2362,0.0,0.18100000000000002,0,0.693,6.343,1.0,1.5741,24,666,20.2,0.2032,7.2
402,9.59571,0.0,0.18100000000000002,0,0.693,6.404,1.0,1.639,24,666,20.2,0.20309999999999997,12.1
403,24.8017,0.0,0.18100000000000002,0,0.693,5.349,0.96,1.7028,24,666,20.2,0.1977,8.3
404,41.5292,0.0,0.18100000000000002,0,0.693,5.531,0.8540000000000001,1.6074,24,666,20.2,0.2738,8.5
405,67.9208,0.0,0.18100000000000002,0,0.693,5.683,1.0,1.4254,24,666,20.2,0.2298,5.0
406,20.7162,0.0,0.18100000000000002,0,0.659,4.138,1.0,1.1781,24,666,20.2,0.2334,11.9
407,11.9511,0.0,0.18100000000000002,0,0.659,5.608,1.0,1.2852,24,666,20.2,0.1213,27.9
408,7.40389,0.0,0.18100000000000002,0,0.597,5.617,0.9790000000000001,1.4547,24,666,20.2,0.264,17.2
409,14.4383,0.0,0.18100000000000002,0,0.597,6.852,1.0,1.4655,24,666,20.2,0.1978,27.5
410,51.1358,0.0,0.18100000000000002,0,0.597,5.757,1.0,1.413,24,666,20.2,0.1011,15.0
411,14.0507,0.0,0.18100000000000002,0,0.597,6.657,1.0,1.5275,24,666,20.2,0.2122,17.2
412,18.811,0.0,0.18100000000000002,0,0.597,4.628,1.0,1.5539,24,666,20.2,0.34369999999999995,17.9
413,28.6558,0.0,0.18100000000000002,0,0.597,5.155,1.0,1.5894,24,666,20.2,0.20079999999999998,16.3
414,45.7461,0.0,0.18100000000000002,0,0.693,4.519,1.0,1.6582,24,666,20.2,0.36979999999999996,7.0
415,18.0846,0.0,0.18100000000000002,0,0.679,6.434,1.0,1.8347,24,666,20.2,0.2905,7.2
416,10.8342,0.0,0.18100000000000002,0,0.679,6.782,0.9079999999999999,1.8195,24,666,20.2,0.2579,7.5
417,25.9406,0.0,0.18100000000000002,0,0.679,5.304,0.8909999999999999,1.6475,24,666,20.2,0.2664,10.4
418,73.5341,0.0,0.18100000000000002,0,0.679,5.957,1.0,1.8026,24,666,20.2,0.20620000000000002,8.8
419,11.8123,0.0,0.18100000000000002,0,0.718,6.824,0.765,1.794,24,666,20.2,0.2274,8.4
420,11.0874,0.0,0.18100000000000002,0,0.718,6.411,1.0,1.8589,24,666,20.2,0.1502,16.7
421,7.02259,0.0,0.18100000000000002,0,0.718,6.006,0.953,1.8746,24,666,20.2,0.157,14.2
422,12.0482,0.0,0.18100000000000002,0,0.614,5.648,0.8759999999999999,1.9512,24,666,20.2,0.141,20.8
423,7.05042,0.0,0.18100000000000002,0,0.614,6.103,0.851,2.0218,24,666,20.2,0.2329,13.4
424,8.79212,0.0,0.18100000000000002,0,0.584,5.565,0.706,2.0635,24,666,20.2,0.1716,11.7
425,15.8603,0.0,0.18100000000000002,0,0.679,5.896,0.9540000000000001,1.9096,24,666,20.2,0.2439,8.3
426,12.2472,0.0,0.18100000000000002,0,0.584,5.837,0.597,1.9976,24,666,20.2,0.15689999999999998,10.2
427,37.6619,0.0,0.18100000000000002,0,0.679,6.202,0.787,1.8629,24,666,20.2,0.1452,10.9
428,7.36711,0.0,0.18100000000000002,0,0.679,6.193,0.7809999999999999,1.9356,24,666,20.2,0.2152,11.0
429,9.33889,0.0,0.18100000000000002,0,0.679,6.38,0.956,1.9682,24,666,20.2,0.2408,9.5
430,8.49213,0.0,0.18100000000000002,0,0.584,6.348,0.861,2.0527,24,666,20.2,0.1764,14.5
431,10.0623,0.0,0.18100000000000002,0,0.584,6.833,0.943,2.0882,24,666,20.2,0.19690000000000002,14.1
432,6.44405,0.0,0.18100000000000002,0,0.584,6.425,0.748,2.2004,24,666,20.2,0.12029999999999999,16.1
433,5.58107,0.0,0.18100000000000002,0,0.713,6.436,0.879,2.3158,24,666,20.2,0.16219999999999998,14.3
434,13.9134,0.0,0.18100000000000002,0,0.713,6.208,0.95,2.2222,24,666,20.2,0.1517,11.7
435,11.1604,0.0,0.18100000000000002,0,0.74,6.629,0.946,2.1247,24,666,20.2,0.2327,13.4
436,14.4208,0.0,0.18100000000000002,0,0.74,6.461,0.9329999999999999,2.0026,24,666,20.2,0.1805,9.6
437,15.1772,0.0,0.18100000000000002,0,0.74,6.152,1.0,1.9142,24,666,20.2,0.2645,8.7
438,13.6781,0.0,0.18100000000000002,0,0.74,5.935,0.879,1.8206,24,666,20.2,0.34020000000000006,8.4
439,9.39063,0.0,0.18100000000000002,0,0.74,5.627,0.9390000000000001,1.8172,24,666,20.2,0.2288,12.8
440,22.0511,0.0,0.18100000000000002,0,0.74,5.818,0.924,1.8662,24,666,20.2,0.2211,10.5
441,9.72418,0.0,0.18100000000000002,0,0.74,6.406,0.972,2.0651,24,666,20.2,0.19519999999999998,17.1
442,5.66637,0.0,0.18100000000000002,0,0.74,6.219,1.0,2.0048,24,666,20.2,0.1659,18.4
443,9.96654,0.0,0.18100000000000002,0,0.74,6.485,1.0,1.9784,24,666,20.2,0.1885,15.4
444,12.8023,0.0,0.18100000000000002,0,0.74,5.854,0.966,1.8956,24,666,20.2,0.2379,10.8
445,10.6718,0.0,0.18100000000000002,0,0.74,6.459,0.948,1.9879,24,666,20.2,0.2398,11.8
446,6.28807,0.0,0.18100000000000002,0,0.74,6.341,0.9640000000000001,2.072,24,666,20.2,0.1779,14.9
447,9.92485,0.0,0.18100000000000002,0,0.74,6.251,0.966,2.198,24,666,20.2,0.16440000000000002,12.6
448,9.32909,0.0,0.18100000000000002,0,0.713,6.185,0.987,2.2616,24,666,20.2,0.1813,14.1
449,7.52601,0.0,0.18100000000000002,0,0.713,6.417,0.983,2.185,24,666,20.2,0.1931,13.0
450,6.71772,0.0,0.18100000000000002,0,0.713,6.749,0.9259999999999999,2.3236,24,666,20.2,0.1744,13.4
451,5.44114,0.0,0.18100000000000002,0,0.713,6.655,0.982,2.3552,24,666,20.2,0.1773,15.2
452,5.09017,0.0,0.18100000000000002,0,0.713,6.297,0.9179999999999999,2.3682,24,666,20.2,0.1727,16.1
453,8.24809,0.0,0.18100000000000002,0,0.713,7.393,0.993,2.4527,24,666,20.2,0.1674,17.8
454,9.51363,0.0,0.18100000000000002,0,0.713,6.728,0.941,2.4961,24,666,20.2,0.18710000000000002,14.9
455,4.75237,0.0,0.18100000000000002,0,0.713,6.525,0.865,2.4358,24,666,20.2,0.1813,14.1
456,4.66883,0.0,0.18100000000000002,0,0.713,5.976,0.879,2.5806,24,666,20.2,0.19010000000000002,12.7
457,8.20058,0.0,0.18100000000000002,0,0.713,5.936,0.8029999999999999,2.7792,24,666,20.2,0.16940000000000002,13.5
458,7.75223,0.0,0.18100000000000002,0,0.713,6.301,0.8370000000000001,2.7831,24,666,20.2,0.1623,14.9
459,6.80117,0.0,0.18100000000000002,0,0.713,6.081,0.8440000000000001,2.7175,24,666,20.2,0.147,20.0
460,4.81213,0.0,0.18100000000000002,0,0.713,6.701,0.9,2.5975,24,666,20.2,0.1642,16.4
461,3.69311,0.0,0.18100000000000002,0,0.713,6.376,0.884,2.5671,24,666,20.2,0.1465,17.7
462,6.65492,0.0,0.18100000000000002,0,0.713,6.317,0.83,2.7344,24,666,20.2,0.1399,19.5
463,5.82115,0.0,0.18100000000000002,0,0.713,6.513,0.899,2.8016,24,666,20.2,0.10289999999999999,20.2
464,7.83932,0.0,0.18100000000000002,0,0.655,6.209,0.654,2.9634,24,666,20.2,0.1322,21.4
465,3.1636,0.0,0.18100000000000002,0,0.655,5.759,0.48200000000000004,3.0665,24,666,20.2,0.1413,19.9
466,3.77498,0.0,0.18100000000000002,0,0.655,5.952,0.847,2.8715,24,666,20.2,0.17149999999999999,19.0
467,4.42228,0.0,0.18100000000000002,0,0.584,6.003,0.945,2.5403,24,666,20.2,0.2132,19.1
468,15.5757,0.0,0.18100000000000002,0,0.58,5.926,0.71,2.9084,24,666,20.2,0.1813,19.1
469,13.0751,0.0,0.18100000000000002,0,0.58,5.713,0.5670000000000001,2.8237,24,666,20.2,0.1476,20.1
470,4.34879,0.0,0.18100000000000002,0,0.58,6.167,0.84,3.0334,24,666,20.2,0.1629,19.9
471,4.03841,0.0,0.18100000000000002,0,0.532,6.229,0.907,3.0993,24,666,20.2,0.12869999999999998,19.6
472,3.56868,0.0,0.18100000000000002,0,0.58,6.437,0.75,2.8965,24,666,20.2,0.1436,23.2
473,4.64689,0.0,0.18100000000000002,0,0.614,6.98,0.6759999999999999,2.5329,24,666,20.2,0.1166,29.8
474,8.05579,0.0,0.18100000000000002,0,0.584,5.427,0.9540000000000001,2.4298,24,666,20.2,0.1814,13.8
475,6.39312,0.0,0.18100000000000002,0,0.584,6.162,0.9740000000000001,2.206,24,666,20.2,0.24100000000000002,13.3
476,4.87141,0.0,0.18100000000000002,0,0.614,6.484,0.9359999999999999,2.3053,24,666,20.2,0.1868,16.7
477,15.0234,0.0,0.18100000000000002,0,0.614,5.304,0.973,2.1007,24,666,20.2,0.2491,12.0
478,10.233,0.0,0.18100000000000002,0,0.614,6.185,0.9670000000000001,2.1705,24,666,20.2,0.18030000000000002,14.6
479,14.3337,0.0,0.18100000000000002,0,0.614,6.229,0.88,1.9512,24,666,20.2,0.1311,21.4
480,5.82401,0.0,0.18100000000000002,0,0.532,6.242,0.647,3.4242,24,666,20.2,0.1074,23.0
481,5.70818,0.0,0.18100000000000002,0,0.532,6.75,0.7490000000000001,3.3317,24,666,20.2,0.0774,23.7
482,5.73116,0.0,0.18100000000000002,0,0.532,7.061,0.77,3.4106,24,666,20.2,0.0701,25.0
483,2.81838,0.0,0.18100000000000002,0,0.532,5.762,0.40299999999999997,4.0983,24,666,20.2,0.1042,21.8
484,2.37857,0.0,0.18100000000000002,0,0.583,5.871,0.419,3.724,24,666,20.2,0.1334,20.6
485,3.67367,0.0,0.18100000000000002,0,0.583,6.312,0.519,3.9917,24,666,20.2,0.1058,21.2
486,5.69175,0.0,0.18100000000000002,0,0.583,6.114,0.7979999999999999,3.5459,24,666,20.2,0.14980000000000002,19.1
487,4.83567,0.0,0.18100000000000002,0,0.583,5.905,0.532,3.1523,24,666,20.2,0.11449999999999999,20.6
488,0.15086,0.0,0.2774,0,0.609,5.454,0.927,1.8209,4,711,20.1,0.18059999999999998,15.2
489,0.18337,0.0,0.2774,0,0.609,5.414,0.983,1.7554,4,711,20.1,0.2397,7.0
490,0.20746,0.0,0.2774,0,0.609,5.093,0.98,1.8226,4,711,20.1,0.2968,8.1
491,0.10574,0.0,0.2774,0,0.609,5.983,0.988,1.8681,4,711,20.1,0.1807,13.6
492,0.11132,0.0,0.2774,0,0.609,5.983,0.835,2.1099,4,711,20.1,0.1335,20.1
493,0.17331,0.0,0.0969,0,0.585,5.707,0.54,2.3817,6,391,19.2,0.1201,21.8
494,0.27957,0.0,0.0969,0,0.585,5.926,0.426,2.3817,6,391,19.2,0.1359,24.5
495,0.17899,0.0,0.0969,0,0.585,5.67,0.28800000000000003,2.7986,6,391,19.2,0.17600000000000002,23.1
496,0.2896,0.0,0.0969,0,0.585,5.39,0.7290000000000001,2.7986,6,391,19.2,0.2114,19.7
497,0.26838,0.0,0.0969,0,0.585,5.794,0.706,2.8927,6,391,19.2,0.141,18.3
498,0.23912,0.0,0.0969,0,0.585,6.019,0.653,2.4091,6,391,19.2,0.1292,21.2
499,0.17783,0.0,0.0969,0,0.585,5.569,0.735,2.3999,6,391,19.2,0.151,17.5
500,0.22438,0.0,0.0969,0,0.585,6.027,0.797,2.4982,6,391,19.2,0.1433,16.8
501,0.06263,0.0,0.1193,0,0.573,6.593,0.691,2.4786,1,273,21.0,0.0967,22.4
502,0.04527,0.0,0.1193,0,0.573,6.12,0.767,2.2875,1,273,21.0,0.0908,20.6
503,0.06076,0.0,0.1193,0,0.573,6.976,0.91,2.1675,1,273,21.0,0.0564,23.9
504,0.10959,0.0,0.1193,0,0.573,6.794,0.893,2.3889,1,273,21.0,0.06480000000000001,22.0
505,0.04741,0.0,0.1193,0,0.573,6.03,0.8079999999999999,2.505,1,273,21.0,0.0788,11.9
